{
  "welcomeFile": "/index.html",
  "authenticationMethod": "route",
  "logout": {
    "logoutEndpoint": "/app-logout",
    "logoutPage": "/"
  },
  "routes": [
    {
      "source": "^/vechile-catalog/(.*)$",
      "target": "/vechile-catalog/$1",
      "destination": "ERXCLNT001",
      "authenticationType": "xsuaa",
      "csrfProtection": false,
      "cacheControl": "no-cache, no-store, must-revalidate"
    },
    {
      "source": "^/vechile-catalog-rest/(.*)$",
      "target": "/vechile-catalog-rest/$1",
      "destination": "ERXCLNT001",
      "authenticationType": "xsuaa",
      "csrfProtection": false,
      "cacheControl": "no-cache, no-store, must-revalidate"
    },
    {
      "source": "^/wcm-catalog/(.*)$",
      "target": "/wcm-catalog/$1",
      "destination": "ERXCLNT001",
      "authenticationType": "xsuaa",
      "csrfProtection": false,
      "cacheControl": "no-cache, no-store, must-revalidate"
    },
    {
      "source": "^/vechile-extension/(.*)$",
      "target": "/vechile-extension/$1",
      "destination": "srv-api",
      "authenticationType": "xsuaa",
      "csrfProtection": false,
      "cacheControl": "no-cache, no-store, must-revalidate"
    },
    {
      "source": "^(.*)$",
      "target": "$1",
      "service":"html5-apps-repo-rt",
      "authenticationType":"xsuaa"
    }
  ]
}